user_id,name,age,annual_income,city,loyalty_score,is_student
0,Melissa Miranda,57,66034.49,Brampton,0.84,0
1,Debbie Reid,18,126897.87,Mississauga,0.5,0
2,Shelby Berry,18,79209.23,Montreal,0.33,1
3,Jason Chaney,57,85299.1,Mississauga,0.81,0
4,Francis Dodson,43,46783.91,Victoria,0.35,0
5,Daniel Stewart,50,48366.53,Vancouver,0.86,0
6,Gabriela Simmons,18,67701.09,Victoria,0.68,1
7,Renee Vasquez,70,55995.29,Montreal,0.83,0
8,Kenneth Johnson,30,12150.78,Toronto,0.64,0
9,Connor Steele,18,91222.12,Winnipeg,0.18,0
10,Michael Martin,32,130364.97,Vancouver,0.39,0
11,Alexander Thornton,18,62249.18,Vancouver,0.35,1
12,Colleen Young,58,167697.83,Quebec City,0.44,0
13,Matthew Turner,18,43539.57,Saskatoon,0.54,0
14,Matthew Greene,43,33919.21,Calgary,0.76,0
15,Christian Fowler,47,41999.59,Calgary,0.48,0
16,Jessica Martin,51,80548.0,Edmonton,0.75,0
17,Sharon Norris,70,97064.32,Mississauga,0.69,0
18,Lauren Cooper MD,47,15487.95,Mississauga,0.54,0
19,Kelly Graham,67,79354.86,Edmonton,0.56,0
20,Sara Wilson DVM,18,39023.44,Edmonton,0.53,0
21,Matthew Stewart,40,42078.0,Mississauga,0.84,0
22,Tiffany Moreno,67,36410.01,Halifax,0.6,0
23,Amy Contreras,18,92026.36,Hamilton,0.56,0
24,Jesse Cook,37,53414.6,Winnipeg,0.38,0
25,Paul Davis,22,36995.7,Vancouver,0.26,1
26,Brady Bates,29,75347.96,Calgary,0.23,0
27,Andrew Johnson,42,47150.0,Toronto,0.77,0
28,Jonathon Smith,35,98198.21,Calgary,0.82,0
29,Melvin Rose,70,74132.82,Vancouver,0.54,0
30,Erik Martinez,24,106346.99,Vancouver,0.4,1
31,James Robinson,18,30902.34,Brampton,0.73,0
32,Darrell Turner,18,29485.88,Ottawa,0.43,0
33,Stacey Wong,70,39117.34,Montreal,0.37,0
34,Aaron Lopez,18,91949.95,Saskatoon,0.81,1
35,Jennifer Boone,41,50995.39,Toronto,0.43,0
36,Elizabeth Diaz,40,49195.58,Ottawa,0.88,0
37,Michael Garcia,70,53518.87,Brampton,0.92,0
38,Shawn Brooks,39,88822.78,Calgary,0.49,0
39,Jennifer Hood,70,45427.43,Victoria,0.75,0
40,Brett Lane,18,123197.19,Victoria,0.8,1
41,Thomas Haynes,18,89580.8,Calgary,0.58,1
42,Tammy Payne,51,90721.79,Hamilton,0.81,0
43,Michelle White,26,53070.18,Mississauga,0.67,0
44,Ryan Garcia,70,55446.23,Saskatoon,0.58,0
45,Mrs. Nicole Montgomery,18,28874.92,Ottawa,0.61,1
46,Kyle Aguilar,32,163562.56,Brampton,0.25,0
47,Douglas Williams,18,63285.54,Mississauga,0.31,1
48,Shirley Bennett,56,67898.99,Brampton,0.68,0
49,Jennifer King,70,96361.77,Quebec City,0.91,0
50,Tammy Davis,43,74948.69,Montreal,0.4,0
51,Emma Schroeder,18,77703.72,Mississauga,0.58,1
52,William Rogers,61,86992.97,Victoria,0.53,0
53,Anthony Taylor,36,82051.17,Winnipeg,0.39,0
54,Robert Smith,70,51657.19,Montreal,0.35,0
55,David Thomas,56,111597.77,Montreal,0.73,0
56,Adriana Maldonado,53,54716.49,Winnipeg,0.23,0
57,Charles Hall,47,74402.67,Brampton,0.57,0
58,Danielle Myers,41,62164.35,Victoria,0.46,0
59,Joshua Park,18,81865.23,Vancouver,0.63,0
60,Lee Espinoza,57,27651.09,Hamilton,0.6,0
61,Phillip Miller,49,76911.96,Saskatoon,0.77,0
62,Harold Martinez DDS,24,121813.84,Winnipeg,0.47,1
63,Kari Gomez,46,65997.9,Vancouver,0.79,0
64,Wanda Fuller,38,73645.07,Saskatoon,0.22,0
65,Margaret Warner,26,93968.45,Toronto,0.6,0
66,Kimberly Goodwin,35,94120.4,Halifax,0.77,0
67,Maria Rice,18,39156.51,Calgary,0.29,0
68,Daniel Romero,61,57140.27,Montreal,0.53,0
69,John White,34,28251.38,Victoria,0.82,0
70,Betty Suarez,28,38378.82,Vancouver,0.44,0
71,Susan Keith,26,55835.42,Vancouver,0.3,0
72,Donald Barajas,33,52304.44,Hamilton,0.6,0
73,Angela Baker,44,56429.69,Ottawa,0.29,0
74,Eric Jones,34,82249.0,Toronto,0.73,0
75,Andrew Kennedy,18,75457.08,Hamilton,0.16,0
76,Katie Lambert,27,140947.31,Edmonton,0.45,0
77,Brandy Bush,33,111441.8,Mississauga,0.45,0
78,Jennifer Ali,48,55683.9,Brampton,0.65,0
79,Michael Waters,48,41561.91,Winnipeg,0.46,0
80,Mr. Colton Roberts,22,108075.51,Quebec City,0.29,0
81,James Jones,18,58611.5,Hamilton,0.26,0
82,Patricia Fields,54,26280.39,Victoria,0.56,0
83,Daniel Roach,40,83436.28,Mississauga,0.27,0
84,Monica Booth,21,80464.1,Montreal,0.17,1
85,Dylan Graham,68,36047.47,Quebec City,0.42,0
86,Jackson Sanchez,40,57166.31,Halifax,0.87,0
87,Catherine Armstrong,67,85253.31,Edmonton,0.91,0
88,Brittany Rogers,22,80572.39,Toronto,0.31,1
89,Dustin Hendricks,53,68038.39,Brampton,0.22,0
90,Betty Jones,19,34937.58,Vancouver,0.81,1
91,Kathy Johnson,39,90742.83,Ottawa,0.75,0
92,Sherri Hart,31,66808.45,Mississauga,0.72,0
93,Corey Hood,70,68714.36,Vancouver,0.72,0
94,Jill Donovan,70,54327.76,Mississauga,0.42,0
95,Michael Decker,60,43996.18,Hamilton,0.26,0
96,Anna Padilla,18,42771.48,Ottawa,0.29,0
97,Lori Moore,18,71360.86,Hamilton,0.41,1
98,Tracy Wilson,18,98026.2,Calgary,0.36,0
99,Kimberly Griffin,63,71806.45,Brampton,0.52,0
100,David Cross,26,95242.45,Toronto,0.6,0
101,Jocelyn Hunter,70,49333.73,Montreal,0.33,0
102,Steven Tate,25,35606.78,Toronto,0.24,0
103,Eric Ferguson,18,72725.75,Mississauga,0.42,0
104,Stephanie Hebert,30,72913.66,Montreal,0.26,0
105,Sean Smith,37,31733.14,Ottawa,0.19,0
106,Patricia Thompson,18,70386.78,Victoria,0.4,1
107,Benjamin Alexander,44,39196.55,Ottawa,0.36,0
108,April Campos,57,123409.18,Vancouver,0.46,0
109,Timothy Hoffman,18,120877.01,Winnipeg,0.17,1
110,Dustin Charles,40,55568.24,Calgary,0.32,0
111,Michael Guerrero,70,191753.09,Calgary,0.84,0
112,Elizabeth Garcia,70,73718.84,Victoria,0.8,0
113,Marco Wilson,57,40615.73,Calgary,0.62,0
114,Harold Alvarado,70,35470.47,Vancouver,0.67,0
115,Edward Martinez,64,37763.89,Ottawa,0.38,0
116,Susan Hatfield,70,109468.68,Montreal,0.7,0
117,Jamie Hill,20,102879.68,Halifax,0.15,1
118,Richard Stephens,44,74592.31,Montreal,0.55,0
119,Stephen Gates,28,98748.59,Mississauga,0.75,0
120,Brandon Wagner,55,120655.64,Vancouver,0.9,0
121,Ronald Clark,18,38572.77,Quebec City,0.84,0
122,Mrs. Brittany Petty,18,37721.32,Montreal,0.38,1
123,Rebecca Jackson,37,39769.48,Mississauga,0.22,0
124,Elizabeth Owens,18,65213.12,Ottawa,0.74,0
125,Barbara Johnson,32,75213.65,Victoria,0.59,0
126,Katrina Vaughan,66,49230.44,Vancouver,0.3,0
127,Holly Curry,70,77242.42,Victoria,0.8,0
128,Mitchell Griffin,18,56729.83,Ottawa,0.26,1
129,Dustin Harrison,57,102932.65,Saskatoon,0.58,0
130,Eric Johnson,30,71550.33,Ottawa,0.37,0
131,Alejandro Allison,18,30829.68,Montreal,0.62,0
132,Joe Stark,43,38142.79,Vancouver,0.67,0
133,Robert Wu,26,43890.66,Toronto,0.56,0
134,Michael Johnson,69,129156.01,Ottawa,0.45,0
135,Alan Doyle,55,22031.18,Toronto,0.5,0
136,Tammy Fox,39,39245.15,Winnipeg,0.62,0
137,Megan Smith,54,94877.84,Edmonton,0.73,0
138,Brian Jordan,37,37335.29,Brampton,0.68,0
139,Alexander Smith,18,36882.26,Ottawa,0.39,1
140,Justin Massey,18,51244.94,Victoria,0.26,0
141,Sherry Hall,18,58829.82,Hamilton,0.15,1
142,Jacob Jones,18,98739.13,Saskatoon,0.59,0
143,Autumn Brown,52,59289.22,Toronto,0.64,0
144,Danielle Cole,35,59854.86,Brampton,0.72,0
145,Andrew Williams,70,53758.43,Brampton,0.64,0
146,Susan Sherman,24,32350.78,Halifax,0.25,1
147,Christopher Moore,52,103417.23,Hamilton,0.52,0
148,Cindy Howell,51,107439.86,Halifax,0.21,0
149,Teresa Sanchez MD,45,74680.42,Saskatoon,0.56,0
150,Tim Coffey,18,46069.18,Edmonton,0.47,0
151,Molly Larson,18,32477.98,Montreal,0.59,1
152,Emily Vasquez,18,78655.1,Saskatoon,0.52,0
153,Lisa Ward,32,58458.03,Vancouver,0.69,0
154,Drew Hensley,18,39044.15,Toronto,0.75,0
155,Michelle Anthony,66,32874.77,Toronto,0.53,0
156,Kerri Brown,18,47487.75,Calgary,0.82,0
157,Cynthia White,61,61995.15,Saskatoon,0.69,0
158,Jonathan Soto,18,60144.79,Winnipeg,0.51,0
159,Brian Ellis,54,41651.1,Vancouver,0.45,0
160,Crystal Escobar,45,42431.01,Saskatoon,0.69,0
161,David Mcbride,30,92488.15,Victoria,0.17,0
162,Emily Bailey,18,38646.42,Edmonton,0.23,0
163,Austin Santana,44,125174.9,Quebec City,0.89,0
164,Daniel Bowen,32,156422.4,Toronto,0.27,0
165,Matthew Hernandez,62,73976.25,Hamilton,0.61,0
166,Toni Maddox,18,38218.74,Mississauga,0.68,1
167,Charles Robinson,39,66730.0,Saskatoon,0.83,0
168,Kayla Webb,18,37194.66,Winnipeg,0.39,0
169,Brian Murray,18,60660.93,Halifax,0.71,1
170,Matthew Whitney,28,64213.89,Ottawa,0.59,0
171,Steven Galvan,68,39913.11,Toronto,0.67,0
172,Allen Cooper,36,47912.49,Hamilton,0.35,0
173,Nathaniel Rowland,18,65512.74,Hamilton,0.38,0
174,Claudia Perez,70,96407.11,Vancouver,0.34,0
175,David Delgado,56,29483.31,Saskatoon,0.33,0
176,Alexandra Young,18,35780.5,Victoria,0.75,0
177,Jason Newton,60,52093.58,Calgary,0.6,0
178,Brandon Foster,26,114047.61,Hamilton,0.15,0
179,Calvin Bonilla,65,58332.63,Calgary,0.92,0
180,Amanda Goodman,18,99076.52,Ottawa,0.47,0
181,Todd Clark,45,93425.91,Edmonton,0.72,0
182,Andrew Perez,18,27657.29,Winnipeg,0.61,1
183,Nathan Avery,43,57237.05,Toronto,0.4,0
184,David Whitaker,24,105110.25,Edmonton,0.69,1
185,Sara Flores,33,64092.87,Vancouver,0.84,0
186,Jeremy Butler,18,102947.68,Brampton,0.23,0
187,Mark Fitzgerald,59,71155.05,Toronto,0.26,0
188,Melissa Mclaughlin,41,87615.22,Hamilton,0.81,0
189,Michelle Edwards,18,78162.19,Vancouver,0.75,0
190,Sonya Horn,20,55338.76,Halifax,0.27,1
191,Abigail Delacruz,18,77125.9,Hamilton,0.62,0
192,Gail Jackson,47,37745.08,Montreal,0.71,0
193,Sharon Barnes,39,73335.42,Mississauga,0.43,0
194,Christian Turner,27,100021.8,Edmonton,0.4,0
195,Rachel Garcia,18,74289.54,Edmonton,0.54,0
196,Mark Chavez,18,19087.73,Toronto,0.6,1
197,Tamara Smith,38,34644.25,Halifax,0.42,0
198,Jane Peters,43,153385.62,Quebec City,0.42,0
199,Robert Powell,25,35017.39,Calgary,0.31,0
200,Mr. Jason Taylor,70,22262.34,Winnipeg,0.75,0
201,Brandy Washington,43,18062.13,Winnipeg,0.85,0
202,Sierra Black,49,130566.95,Brampton,0.4,0
203,Kimberly Elliott,42,68426.74,Halifax,0.43,0
204,James Jones,55,69743.39,Victoria,0.67,0
205,Richard Anderson,20,49676.99,Brampton,0.63,0
206,William Anderson,47,52568.38,Halifax,0.35,0
207,Cameron Alvarez,50,73832.17,Saskatoon,0.51,0
208,Dawn Osborne,37,54314.41,Mississauga,0.31,0
209,Julie Lopez,37,34249.99,Brampton,0.63,0
210,Stanley Lee,59,26141.33,Ottawa,0.31,0
211,Heather Church,70,93682.45,Saskatoon,0.8,0
212,Nathan Williams,23,74597.57,Hamilton,0.7,0
213,Peter Huang,18,61895.36,Mississauga,0.45,0
214,Tammy Farley,20,85477.85,Edmonton,0.69,0
215,Jessica White,35,74079.66,Quebec City,0.6,0
216,Patricia Hoffman,18,66365.14,Mississauga,0.36,0
217,Lucas Schultz,18,139787.99,Calgary,0.14,0
218,Cole Mcgee,42,135651.69,Edmonton,0.82,0
219,Andrew Fleming,27,66337.12,Victoria,0.4,0
220,Vanessa Turner,18,87543.27,Edmonton,0.41,0
221,Ryan Munoz,27,101017.46,Mississauga,0.42,0
222,Robin May,57,47518.52,Halifax,0.35,0
223,Jonathan Daugherty,18,53710.51,Montreal,0.35,0
224,Matthew Mckee,43,26998.71,Brampton,0.75,0
225,Karen Bowman,50,113760.18,Brampton,0.56,0
226,Heidi Costa,38,58797.41,Mississauga,0.83,0
227,Crystal Miller,49,162413.18,Mississauga,0.41,0
228,Julie Hudson,25,131565.52,Halifax,0.28,0
229,William Hull,45,100018.55,Hamilton,0.39,0
230,Tonya Miller,18,112830.76,Vancouver,0.81,0
231,Ashley Mathews,18,33984.82,Mississauga,0.39,1
232,Nicole Patterson,18,91685.12,Calgary,0.33,1
233,Eric Duncan,18,35536.97,Calgary,0.72,0
234,Taylor Lloyd,70,45605.34,Brampton,0.7,0
235,Shannon Richardson,18,70866.89,Ottawa,0.21,0
236,Casey Wood,50,68240.28,Mississauga,0.22,0
237,Denise Lewis,18,45077.66,Montreal,0.5,0
238,Aaron Campbell,47,82489.71,Montreal,0.52,0
239,John Robinson,23,70759.16,Montreal,0.31,1
240,Kristen Curry,33,55259.02,Toronto,0.43,0
241,Kenneth Riddle,44,32519.35,Saskatoon,0.22,0
242,Jill Davidson,43,24915.39,Mississauga,0.24,0
243,Brittney Marks,18,17151.91,Vancouver,0.17,0
244,John Miller,37,105793.7,Montreal,0.38,0
245,Megan Horne,37,29906.7,Edmonton,0.67,0
246,Chad Miller,18,82984.95,Ottawa,0.19,1
247,Robert Evans,26,25725.32,Hamilton,0.25,0
248,Jose Cook,24,75475.86,Mississauga,0.56,1
249,Amanda Guerra,41,70110.32,Montreal,0.68,0
250,Taylor King,44,85025.7,Ottawa,0.23,0
251,Amanda Simon,18,19057.8,Ottawa,0.42,1
252,Andrew Arnold,39,46382.66,Ottawa,0.82,0
253,Michelle Mccormick,20,55770.21,Vancouver,0.45,0
254,Melinda Clayton,18,74301.02,Halifax,0.52,1
255,Donald Rodriguez,67,40594.78,Quebec City,0.44,0
256,Thomas Brown,69,59808.06,Winnipeg,0.41,0
257,Dominique Robertson,35,84022.89,Brampton,0.49,0
258,Leroy Ortiz,18,168512.45,Victoria,0.59,0
259,Austin Glenn,18,78770.18,Mississauga,0.19,1
260,Michael Bass,18,79243.33,Montreal,0.68,0
261,Anthony Gomez,63,40220.77,Ottawa,0.28,0
262,Carrie Anderson,38,45952.9,Halifax,0.75,0
263,Shannon King,63,82145.41,Halifax,0.42,0
264,Abigail Tucker,50,59340.04,Winnipeg,0.34,0
265,Russell Madden,51,27384.08,Montreal,0.35,0
266,Nicole Howell,18,62773.22,Quebec City,0.6,0
267,Ryan Wilson,35,65395.28,Hamilton,0.25,0
268,Timothy Mclean,18,53142.4,Halifax,0.35,0
269,Judy Evans,38,29544.65,Montreal,0.51,0
270,Bobby Johnson,18,42292.44,Montreal,0.58,1
271,Justin Silva,25,55423.16,Ottawa,0.76,0
272,Shannon Coleman,45,77557.2,Vancouver,0.49,0
273,Matthew Bowers,18,38441.17,Calgary,0.81,0
274,Casey Huerta,48,125245.79,Quebec City,0.27,0
275,Heather Curry,18,43322.23,Vancouver,0.54,0
276,David Kerr,53,35934.69,Victoria,0.7,0
277,Michael Campos,18,173119.57,Hamilton,0.37,1
278,Jaime Howard,18,38547.87,Halifax,0.41,1
279,Nicholas Gordon,18,34038.22,Calgary,0.16,0
280,Jeremy Webb,18,53354.42,Victoria,0.63,0
281,Jessica Jimenez,20,88195.38,Brampton,0.41,1
282,Nicole Torres,31,94958.22,Calgary,0.75,0
283,Robert Richards,24,46810.36,Halifax,0.15,1
284,John Mccoy,18,63286.33,Winnipeg,0.83,0
285,Hayley Anderson MD,18,102920.87,Vancouver,0.23,1
286,Ronald Anderson,23,61311.73,Calgary,0.39,0
287,Alison Mccoy DVM,38,85872.77,Montreal,0.63,0
288,Edward Anderson,18,78555.66,Halifax,0.76,0
289,Lori Flores,18,90320.9,Victoria,0.59,1
290,Kristen Howell,35,35180.63,Toronto,0.29,0
291,Jenny Chambers,34,134562.2,Edmonton,0.35,0
292,Jessica Arnold,18,40891.53,Hamilton,0.73,1
293,Denise Bennett,70,41807.59,Ottawa,0.3,0
294,Yvonne Howard,49,137117.76,Halifax,0.6,0
295,Angela Thompson,18,46290.78,Victoria,0.61,0
296,Eric Nguyen,49,40035.31,Montreal,0.74,0
297,Pamela Morrison,45,128721.29,Halifax,0.39,0
298,Adrienne Rosales,40,38258.69,Vancouver,0.65,0
299,Anna Burns,19,55356.01,Montreal,0.16,0
300,Alexander Hoffman,21,29939.78,Halifax,0.28,0
301,Shannon Butler,18,74150.29,Vancouver,0.17,0
302,Elijah Long,18,48791.05,Winnipeg,0.57,0
303,Travis Parker,70,67271.39,Vancouver,0.54,0
304,Gabriella Harrington,33,60078.8,Halifax,0.5,0
305,Eric Fleming,42,47841.33,Calgary,0.59,0
306,James Knox,18,48267.44,Saskatoon,0.52,0
307,Sarah Shepherd,26,32767.88,Mississauga,0.17,0
308,Sonya Raymond,60,86819.68,Quebec City,0.65,0
309,Jonathan Austin,43,86970.03,Quebec City,0.45,0
310,Catherine Hunt,18,57444.7,Winnipeg,0.48,0
311,Jessica Nelson,41,48615.93,Toronto,0.55,0
312,Pamela Gilbert,45,221428.14,Brampton,0.23,0
313,Tamara Russell,18,95534.27,Mississauga,0.43,1
314,Susan Campbell,52,88776.66,Montreal,0.46,0
315,Raymond Cochran,25,127071.95,Victoria,0.79,0
316,Nathan Robertson,47,87235.47,Hamilton,0.54,0
317,Alan Wilson,33,45162.47,Vancouver,0.71,0
318,Betty Roberson,38,42527.47,Quebec City,0.47,0
319,Daniel Whitaker,60,51984.94,Brampton,0.43,0
320,Jeffrey Barrett,31,76276.22,Saskatoon,0.41,0
321,Brian Robertson,41,47787.56,Saskatoon,0.72,0
322,James Hensley,43,69601.77,Brampton,0.46,0
323,Isaac Stone,22,40650.17,Mississauga,0.16,1
324,Nicole Owens,18,46207.65,Calgary,0.78,0
325,Tammy Stokes DVM,37,24655.25,Calgary,0.27,0
326,Cristina Jimenez,69,25584.61,Vancouver,0.73,0
327,Dylan Miller,36,75549.22,Vancouver,0.57,0
328,Christopher Miller,48,43823.35,Halifax,0.44,0
329,Samantha Day,18,32458.39,Brampton,0.61,0
330,Jackie Wilson,33,33372.16,Quebec City,0.71,0
331,Rachael Martin,58,94883.64,Winnipeg,0.43,0
332,Deanna Thomas,51,31048.17,Edmonton,0.56,0
333,Michael Douglas,18,81923.46,Hamilton,0.75,1
334,Sarah Hahn,70,89066.68,Brampton,0.48,0
335,Wendy Clark,44,32513.14,Montreal,0.71,0
336,Jennifer Porter,18,119130.76,Halifax,0.22,1
337,Karen Barnes,18,90368.95,Vancouver,0.74,0
338,Christopher Wilson,18,47234.45,Ottawa,0.16,1
339,Cynthia Dominguez,18,60084.4,Ottawa,0.57,0
340,Mark Vaughn,57,73077.01,Ottawa,0.5,0
341,Tiffany Dennis,25,36457.97,Ottawa,0.51,0
342,Brooke Ross,20,76757.58,Halifax,0.45,0
343,Laura Maxwell,70,81695.28,Victoria,0.53,0
344,Michael Walker,58,38784.75,Mississauga,0.66,0
345,Jonathan Morgan,38,66730.29,Vancouver,0.41,0
346,Jeffrey Williams,70,36416.48,Mississauga,0.53,0
347,Gina Higgins,34,81686.0,Victoria,0.53,0
348,Linda Burns,23,65639.21,Edmonton,0.7,1
349,Kari Jones,48,13586.81,Saskatoon,0.83,0
350,Holly Lamb,70,104791.07,Brampton,0.65,0
351,Mary Garza,22,75828.39,Hamilton,0.64,0
352,Malik Rodriguez,18,38299.31,Montreal,0.37,1
353,Christy Williams,33,136033.01,Vancouver,0.22,0
354,Timothy Higgins,70,75230.89,Brampton,0.28,0
355,Scott Nicholson,70,99196.02,Quebec City,0.77,0
356,Erin Blackburn,34,54311.39,Winnipeg,0.62,0
357,Eric Chambers,23,36267.59,Victoria,0.74,1
358,Ricardo Carlson,70,79820.36,Saskatoon,0.44,0
359,Amanda Davis,18,52826.46,Hamilton,0.82,1
360,Ashley Bennett,25,44987.38,Halifax,0.64,0
361,Joseph Kennedy,40,62761.71,Halifax,0.66,0
362,Jamie Moore,43,73243.43,Hamilton,0.47,0
363,Brittany Barker,18,53769.78,Quebec City,0.55,1
364,Robyn Marshall,18,75789.95,Hamilton,0.7,0
365,Donna Barker,60,40430.27,Quebec City,0.26,0
366,Jamie Harrison,41,24929.04,Brampton,0.22,0
367,Susan Long,18,59737.77,Victoria,0.74,0
368,Joseph Mccarthy,18,233721.29,Victoria,0.19,0
369,Samantha Ellison,26,88323.4,Edmonton,0.34,0
370,Anthony Smith,30,54441.45,Vancouver,0.47,0
371,Faith Wiley,18,41193.79,Quebec City,0.82,1
372,Michelle Smith,38,98476.25,Saskatoon,0.77,0
373,Zachary Perez,24,32133.01,Mississauga,0.65,1
374,Gregory Tucker,18,36266.2,Toronto,0.31,0
375,Shane Lee,29,71802.09,Montreal,0.57,0
376,Denise George,53,65564.43,Mississauga,0.58,0
377,Ricky Pineda,48,70186.41,Calgary,0.52,0
378,Caroline Adams,49,79256.93,Montreal,0.56,0
379,Benjamin Hickman,18,67976.59,Calgary,0.51,1
380,Stephanie Leonard,21,40362.55,Vancouver,0.61,1
381,Melissa Wang,61,75658.15,Calgary,0.49,0
382,Haley Sims,18,52019.56,Winnipeg,0.69,0
383,Heather Jacobs,26,86202.84,Mississauga,0.47,0
384,Michaela West,48,20180.57,Saskatoon,0.22,0
385,Kelly Thomas,56,36870.78,Winnipeg,0.9,0
386,Donna Todd,54,107022.91,Mississauga,0.7,0
387,Erin Meyer,26,22680.45,Ottawa,0.19,0
388,Lisa Williams,26,28206.31,Saskatoon,0.67,0
389,Jackson Lowery,44,18752.4,Edmonton,0.34,0
390,Cristina Hatfield,25,24024.64,Mississauga,0.77,0
391,Jennifer Potter,64,65381.64,Hamilton,0.33,0
392,Joshua Turner,37,53005.69,Saskatoon,0.26,0
393,Samantha Garcia,34,128143.94,Halifax,0.73,0
394,Travis Mcmahon,18,78930.25,Montreal,0.53,1
395,Cameron Patterson,18,44735.47,Victoria,0.81,1
396,Joann Marsh,18,26512.93,Victoria,0.52,1
397,Wendy Burns,21,149557.94,Halifax,0.51,0
398,Dean Martinez,46,64238.17,Montreal,0.72,0
399,Phyllis Tanner,18,23804.74,Victoria,0.36,1
400,Cassandra Bernard,44,51261.44,Halifax,0.66,0
401,April Kelley,18,45139.23,Victoria,0.46,1
402,Christina Mullins,18,100601.68,Montreal,0.45,0
403,Stephanie Dougherty,37,63766.81,Hamilton,0.25,0
404,Adrian Carter,61,61400.18,Ottawa,0.57,0
405,Kaitlin Robinson,41,34515.94,Hamilton,0.61,0
406,Melinda Rocha,70,52625.18,Vancouver,0.91,0
407,Alexander Johnson,46,94927.32,Montreal,0.23,0
408,Alyssa Brown,44,121795.74,Halifax,0.51,0
409,Andrew Rodriguez,46,28637.22,Ottawa,0.52,0
410,Kevin Woods,58,25007.18,Victoria,0.91,0
411,Jeffery Shields,18,49489.0,Quebec City,0.8,1
412,Mark Knight,18,121600.32,Vancouver,0.21,1
413,Daniel Erickson,70,37156.43,Toronto,0.61,0
414,Samantha Collier,23,88502.32,Saskatoon,0.83,1
415,Joshua Garcia,27,60210.54,Hamilton,0.8,0
416,Corey Mendoza,29,42715.67,Edmonton,0.47,0
417,James Lopez,56,64964.81,Ottawa,0.24,0
418,Abigail Bartlett,45,76674.72,Edmonton,0.64,0
419,Loretta Bruce,70,53566.44,Brampton,0.74,0
420,Timothy Wall,70,66921.9,Victoria,0.33,0
421,David Brooks,18,56096.21,Toronto,0.7,1
422,Darren Schwartz,70,31649.68,Toronto,0.7,0
423,Lisa Bell,70,49303.38,Quebec City,0.28,0
424,Brendan Bowen,70,76703.72,Toronto,0.83,0
425,Sarah Garza,18,44413.03,Edmonton,0.47,0
426,Jesse Vance,52,39455.25,Brampton,0.8,0
427,Suzanne Delacruz,18,60598.77,Quebec City,0.43,0
428,Kenneth Meyers,28,22327.66,Hamilton,0.61,0
429,Emily Mitchell,38,54459.26,Ottawa,0.8,0
430,Joe Robinson,45,161681.74,Toronto,0.24,0
431,Tanya Wilson,29,97265.22,Toronto,0.82,0
432,Natasha Fleming,34,31237.14,Toronto,0.47,0
433,Mr. John Taylor,18,59559.89,Vancouver,0.54,1
434,Fernando Smith,44,74113.51,Victoria,0.49,0
435,Andrea Phillips,57,86789.02,Ottawa,0.49,0
436,Eric Gonzalez,44,105816.63,Winnipeg,0.82,0
437,Laura Young,63,29006.96,Ottawa,0.31,0
438,Mrs. Nancy Perry,24,98677.22,Quebec City,0.82,0
439,Tyler Jones,22,72890.11,Ottawa,0.75,1
440,Colin Mckenzie,54,40081.35,Victoria,0.4,0
441,Rickey Hubbard,21,115828.81,Mississauga,0.66,0
442,Bobby Evans,30,37282.37,Winnipeg,0.2,0
443,Ernest Smith,18,25501.53,Victoria,0.31,0
444,Brittany Larson,18,39493.56,Toronto,0.49,0
445,Michele Woods,51,58465.44,Hamilton,0.84,0
446,Mr. Cody Wilson PhD,18,66990.95,Toronto,0.69,1
447,Robert Warren,42,18856.11,Toronto,0.3,0
448,Jose Freeman,41,49356.99,Hamilton,0.85,0
449,Kristin Booth,23,48982.08,Mississauga,0.84,0
450,John Baldwin,70,60462.18,Victoria,0.86,0
451,Anthony Vasquez,64,75399.68,Vancouver,0.53,0
452,Brian Lowe,25,41199.56,Mississauga,0.68,0
453,Lauren Morris,70,22199.53,Toronto,0.77,0
454,Maria Greer,18,64969.37,Victoria,0.72,1
455,Jessica Dunlap,40,184808.5,Vancouver,0.47,0
456,Brittany Collins,24,56755.52,Quebec City,0.23,0
457,Cody Dyer,44,32170.12,Edmonton,0.52,0
458,Alan Barrett,37,44694.46,Halifax,0.86,0
459,Desiree Rowe,18,91662.41,Toronto,0.73,0
460,Richard Mann,70,45570.0,Mississauga,0.75,0
461,Jasmine Hall,18,42403.6,Vancouver,0.63,0
462,Joseph Pace,36,105087.78,Victoria,0.65,0
463,Kristen Leblanc,18,23281.69,Mississauga,0.14,0
464,Joshua Bailey,23,85785.02,Saskatoon,0.4,1
465,Ashley Moran,45,142792.49,Calgary,0.76,0
466,Sarah Taylor,18,27541.02,Edmonton,0.71,1
467,Donna Green,50,64309.06,Vancouver,0.51,0
468,Micheal Soto,44,37303.48,Brampton,0.56,0
469,Tina Hernandez,18,52712.29,Halifax,0.83,0
470,Michael Morris,18,31905.36,Brampton,0.21,1
471,Michelle Stephens MD,58,67843.35,Victoria,0.43,0
472,Rachel Chen,46,85096.7,Victoria,0.33,0
473,Regina Roy,47,19234.8,Ottawa,0.46,0
474,Jonathan Taylor,36,200884.7,Saskatoon,0.82,0
475,Tanya Osborne,18,55279.74,Quebec City,0.29,0
476,Nicholas Mitchell,18,43430.29,Quebec City,0.41,1
477,Mark Lee,18,42119.38,Toronto,0.29,0
478,James Vazquez,60,40815.31,Hamilton,0.58,0
479,Douglas Kramer,45,38144.2,Hamilton,0.24,0
480,Wendy Newton,64,34728.74,Hamilton,0.81,0
481,Gabriel Chandler,18,76305.64,Mississauga,0.8,0
482,Jennifer Bennett,41,210200.03,Montreal,0.77,0
483,Benjamin Roach,31,65247.36,Montreal,0.63,0
484,Kyle Jacobson,53,22915.32,Saskatoon,0.56,0
485,Jason Gonzalez,18,57907.12,Halifax,0.45,0
486,Thomas Sanders,18,39400.38,Halifax,0.38,0
487,Kellie Williams,26,88802.85,Saskatoon,0.41,0
488,Zachary Jones,46,109343.06,Saskatoon,0.25,0
489,Michelle Vasquez,18,63669.66,Calgary,0.23,1
490,Rachael Parsons,67,73994.03,Ottawa,0.35,0
491,Richard Russell,18,61813.68,Toronto,0.55,1
492,Russell Barnes,45,44043.53,Edmonton,0.27,0
493,Michael Cruz,70,40745.59,Saskatoon,0.42,0
494,Benjamin Smith,70,86316.22,Victoria,0.44,0
495,Ruth Davis,56,82453.27,Brampton,0.65,0
496,Philip Walker,36,40357.81,Brampton,0.68,0
497,Jacob Salazar,21,51580.08,Saskatoon,0.72,0
498,Jeffrey Adams,70,43713.77,Brampton,0.81,0
499,Margaret Patterson,33,56566.8,Edmonton,0.58,0
500,Joseph Mullins,28,84291.12,Quebec City,0.7,0
501,Michael Thompson,41,41873.08,Quebec City,0.23,0
502,Sarah Sosa,18,52813.59,Toronto,0.28,0
503,Rachel Smith,57,68427.87,Saskatoon,0.42,0
504,Gary Bradley,40,38784.44,Vancouver,0.42,0
505,Joshua Graves,18,64562.37,Edmonton,0.43,0
506,Caitlin Huffman,43,84450.73,Victoria,0.61,0
507,Kristina Lee,32,41196.1,Ottawa,0.35,0
508,Joseph Small,48,157185.63,Hamilton,0.34,0
509,Nicholas Benson,68,106707.49,Victoria,0.8,0
510,Charles Morris,50,19949.24,Montreal,0.54,0
511,Todd Smith,25,117276.82,Saskatoon,0.23,0
512,David Zhang,35,28113.09,Saskatoon,0.59,0
513,John Gordon,18,95427.07,Brampton,0.74,0
514,Amanda Smith,27,71595.13,Saskatoon,0.27,0
515,Erika Valdez,18,92599.03,Brampton,0.48,0
516,Ashley Duran,18,44684.21,Montreal,0.58,1
517,Kaitlin Contreras,18,84408.61,Hamilton,0.19,0
518,Mary Krause,65,85853.95,Ottawa,0.49,0
519,Jonathan Robinson,30,44116.27,Montreal,0.46,0
520,Stacey Torres,35,17468.44,Halifax,0.79,0
521,Wyatt Ramirez,18,82878.93,Toronto,0.2,0
522,David Dixon,28,42293.47,Toronto,0.49,0
523,Patrick Crawford,42,69631.64,Mississauga,0.21,0
524,Brian Flores,43,90425.59,Hamilton,0.21,0
525,Kimberly Terrell,70,68522.14,Vancouver,0.45,0
526,Richard Miller,45,46235.09,Calgary,0.45,0
527,Michael Williams,18,108013.79,Vancouver,0.68,0
528,Jimmy Brown,18,27753.1,Halifax,0.21,1
529,Jeremiah Thomas,22,115197.26,Toronto,0.26,0
530,Alyssa Mann,70,32538.54,Calgary,0.3,0
531,Lisa Martinez,18,64779.33,Ottawa,0.5,0
532,Megan Walker,52,105273.62,Hamilton,0.34,0
533,Mario Thomas,32,84241.61,Edmonton,0.61,0
534,Shirley Richard,49,33557.15,Ottawa,0.37,0
535,Kristina Reed,18,57166.32,Calgary,0.37,1
536,Penny Mitchell,65,41608.38,Winnipeg,0.82,0
537,Michael Bailey,42,47028.73,Mississauga,0.36,0
538,Alexander Downs,34,42704.78,Vancouver,0.24,0
539,Ashley Jenkins,35,92272.69,Calgary,0.4,0
540,Julie Lambert,46,36594.06,Calgary,0.49,0
541,Kenneth Summers DDS,70,59908.15,Calgary,0.46,0
542,Albert Kramer,41,109420.19,Brampton,0.55,0
543,Anthony Pearson,43,110666.99,Quebec City,0.51,0
544,Michael Silva,52,96975.61,Quebec City,0.62,0
545,Tammy Cantu,19,112921.25,Victoria,0.4,0
546,Kevin Pearson,37,80072.24,Montreal,0.71,0
547,Hannah Walker,64,133145.5,Quebec City,0.36,0
548,Jessica Clements,31,85209.1,Mississauga,0.61,0
549,Jonathan Smith,22,69569.92,Halifax,0.21,0
550,Stephanie Blake,64,87566.52,Vancouver,0.7,0
551,Eric Hartman,48,99201.34,Toronto,0.8,0
552,Corey Coleman,40,129346.27,Hamilton,0.19,0
553,Tracie Rhodes,44,48708.09,Montreal,0.48,0
554,Sarah Jackson,18,35508.35,Quebec City,0.64,1
555,Scott Martin,18,64943.24,Saskatoon,0.82,0
556,Wesley Price,44,46082.44,Toronto,0.75,0
557,Russell Wolfe,56,34203.19,Quebec City,0.51,0
558,David Washington,36,124691.71,Brampton,0.77,0
559,James Wright,34,93671.52,Ottawa,0.78,0
560,Steven Wilson,63,37299.52,Toronto,0.67,0
561,Adam Nunez,20,101932.85,Vancouver,0.71,0
562,Wayne Wilson,49,72650.28,Toronto,0.78,0
563,David Miles,36,85567.83,Calgary,0.64,0
564,Mr. Gregory Gamble PhD,42,32073.17,Vancouver,0.7,0
565,Kimberly Richardson,32,55472.56,Mississauga,0.86,0
566,Michele Gardner,40,75922.06,Hamilton,0.68,0
567,Daniel Kelley,18,133648.59,Toronto,0.75,1
568,Brittany Roberts,30,48497.56,Vancouver,0.37,0
569,Justin Diaz,18,48602.79,Calgary,0.66,1
570,John Dudley,70,182410.54,Toronto,0.68,0
571,Sarah Thomas,51,72011.14,Halifax,0.64,0
572,Alison Cummings,18,115619.43,Edmonton,0.45,1
573,Donald Smith,21,26784.58,Mississauga,0.34,0
574,Lauren Williams,21,36498.57,Ottawa,0.19,0
575,Veronica Owens,18,51724.56,Calgary,0.82,0
576,Whitney Martin,43,92951.05,Winnipeg,0.81,0
577,Linda Roman,32,128118.5,Toronto,0.51,0
578,Rose Edwards,36,115218.99,Ottawa,0.65,0
579,Jennifer Gardner,32,26573.73,Mississauga,0.5,0
580,Chris Wallace,36,94585.31,Halifax,0.5,0
581,Caleb Hernandez,18,45058.85,Saskatoon,0.61,0
582,Sandra Baker,53,67040.4,Halifax,0.83,0
583,Ashley Gomez,53,96751.94,Calgary,0.6,0
584,Aaron Neal,18,44114.29,Brampton,0.67,0
585,Frank Hoover,42,66713.36,Winnipeg,0.65,0
586,Maria Meyer,18,45466.76,Edmonton,0.25,0
587,Phillip Morris PhD,37,77676.41,Vancouver,0.44,0
588,Denise Mathis,55,47804.26,Vancouver,0.61,0
589,Laura Crawford,18,174772.2,Saskatoon,0.5,1
590,Travis Escobar,18,83425.43,Montreal,0.26,1
591,Bethany Davis,57,118205.66,Vancouver,0.29,0
592,Michelle Hernandez,51,73160.83,Brampton,0.7,0
593,Debbie Anderson,20,26478.76,Montreal,0.74,1
594,Mr. Andrew Patton,24,29465.25,Brampton,0.6,1
595,Benjamin Wells,24,104547.91,Saskatoon,0.78,0
596,Michelle Peters,18,73187.48,Calgary,0.69,1
597,Daniel Fritz,18,101365.79,Calgary,0.23,1
598,Ronnie Klein,22,27354.88,Calgary,0.25,0
599,Kelly Gonzalez,35,30750.34,Brampton,0.7,0
600,Alexis Hatfield,20,99329.18,Victoria,0.67,0
601,Shannon Larson,60,39043.25,Vancouver,0.64,0
602,Anthony Wilson,60,85504.43,Quebec City,0.54,0
603,Emma Henderson,50,70024.15,Ottawa,0.33,0
604,Michael Pearson,18,68629.38,Hamilton,0.49,0
605,Jessica Frederick,18,50473.7,Halifax,0.14,1
606,Edward King,70,98754.72,Toronto,0.48,0
607,Gregory Johnson,18,56083.54,Edmonton,0.31,1
608,Charles Patterson,18,65837.93,Winnipeg,0.22,0
609,Nancy Wright MD,48,41303.47,Winnipeg,0.41,0
610,Sara Atkinson,58,57900.99,Halifax,0.39,0
611,Mrs. Andrea Williams,27,34317.23,Vancouver,0.26,0
612,Stephanie Smith,18,43938.78,Mississauga,0.7,0
613,John Bennett,59,55402.98,Calgary,0.63,0
614,Sean Nielsen,31,37338.14,Saskatoon,0.56,0
615,Mary Wallace MD,18,59699.79,Victoria,0.25,0
616,Joseph Garza,62,48563.0,Brampton,0.69,0
617,Arthur Frederick,70,27390.06,Halifax,0.43,0
618,Laura Wolf,20,60757.97,Victoria,0.2,0
619,Christina Hart,18,54818.5,Calgary,0.7,1
620,Samuel Adams,45,86820.51,Halifax,0.68,0
621,Joseph Smith,22,34875.08,Victoria,0.75,1
622,Timothy West,18,41764.86,Calgary,0.36,1
623,Robert Santos,37,84841.35,Victoria,0.32,0
624,Zachary Hurley,18,38962.57,Halifax,0.45,0
625,Miranda Daniels,23,55186.71,Edmonton,0.5,0
626,Janice Johnson,63,39312.4,Victoria,0.64,0
627,Daniel Smith,58,51877.82,Hamilton,0.58,0
628,Carol Dennis,18,210769.79,Victoria,0.25,0
629,David Burnett,32,25149.59,Winnipeg,0.37,0
630,Eugene Hogan,34,99750.0,Edmonton,0.83,0
631,Vanessa Perez,40,55077.5,Toronto,0.8,0
632,April Williams,70,29127.67,Calgary,0.58,0
633,Emma Reid,70,48687.1,Montreal,0.41,0
634,Tracy Adams,52,27473.7,Ottawa,0.67,0
635,Robert Nguyen,54,32012.26,Ottawa,0.73,0
636,Peter Baker,70,63663.4,Quebec City,0.7,0
637,Stephanie Gross MD,44,48222.55,Mississauga,0.83,0
638,Brianna Brown,18,20274.05,Saskatoon,0.72,0
639,Allen Rowland,70,80914.08,Vancouver,0.58,0
640,Mary Clements,18,49667.76,Edmonton,0.28,1
641,Michael Parker,24,93613.51,Mississauga,0.37,0
642,Gary Rose,28,87075.4,Saskatoon,0.16,0
643,John Le PhD,31,73530.03,Halifax,0.19,0
644,Sharon Hardin,44,90043.59,Calgary,0.56,0
645,Mrs. Autumn Mckee,66,59568.97,Ottawa,0.66,0
646,Jennifer Morrison,53,97001.39,Toronto,0.68,0
647,Rebecca Porter,42,58260.15,Mississauga,0.67,0
648,Dylan Boyle,19,82668.55,Mississauga,0.73,1
649,Cynthia Collins,21,46929.01,Victoria,0.3,0
650,Linda Mitchell,25,52782.86,Calgary,0.72,0
651,Michelle Long,64,114537.75,Vancouver,0.53,0
652,Tonya Riley,41,43386.26,Victoria,0.21,0
653,Jessica Marks,40,83650.99,Quebec City,0.42,0
654,Charles Oconnor,40,119340.06,Winnipeg,0.62,0
655,Frank Rodriguez,18,62891.38,Quebec City,0.39,0
656,Rachel Bowers,46,42293.01,Halifax,0.82,0
657,Sandra Malone,18,38204.01,Winnipeg,0.32,1
658,Angela Oliver,53,107101.36,Vancouver,0.22,0
659,Omar Wagner,37,68091.59,Halifax,0.26,0
660,Bryan Sullivan,18,30198.34,Montreal,0.21,1
661,Samantha Fox,24,48488.89,Mississauga,0.84,0
662,Ryan Johnson,18,40067.0,Victoria,0.72,0
663,Steven Hernandez,18,54107.59,Halifax,0.15,0
664,Erika Dean,49,66180.84,Toronto,0.5,0
665,Tammy Williams,18,28162.32,Saskatoon,0.34,0
666,Anthony Hunt,54,63666.88,Vancouver,0.84,0
667,Morgan Lawrence,70,96021.19,Winnipeg,0.72,0
668,Tammy Wright,41,41028.93,Edmonton,0.47,0
669,Nathaniel Price,51,30095.78,Vancouver,0.9,0
670,Cynthia Bond,51,48609.53,Vancouver,0.46,0
671,Audrey Mitchell,28,85513.27,Saskatoon,0.23,0
672,Lisa Beck,50,51623.32,Hamilton,0.72,0
673,Kimberly Harris,34,30269.29,Edmonton,0.34,0
674,Edward Sanchez,27,109799.06,Montreal,0.18,0
675,Timothy Graham,30,28867.65,Calgary,0.61,0
676,Erika Osborn,38,68733.43,Toronto,0.2,0
677,Michael Kelly,70,168716.06,Toronto,0.62,0
678,Joseph Sanchez,52,55452.43,Calgary,0.36,0
679,Krystal Pham,52,54712.61,Montreal,0.27,0
680,Jessica Melendez,43,124156.13,Toronto,0.4,0
681,Whitney Lawson,42,45580.8,Vancouver,0.57,0
682,Mandy Garcia,18,41393.11,Mississauga,0.41,1
683,Anthony Moore,36,171842.95,Quebec City,0.65,0
684,William Mccormick,29,37875.26,Winnipeg,0.73,0
685,Jonathan Brown,48,18409.82,Halifax,0.54,0
686,Joanna Ford,18,51873.91,Saskatoon,0.26,1
687,David Scott,18,33016.71,Hamilton,0.48,0
688,Alexander Miller,41,68700.55,Quebec City,0.36,0
689,Brandon Barber,70,51108.92,Hamilton,0.36,0
690,John Myers,29,108804.04,Montreal,0.58,0
691,Tiffany Ramirez,30,44013.98,Montreal,0.36,0
692,Margaret Chavez,18,27857.47,Toronto,0.48,1
693,Angela Brown,52,34607.77,Halifax,0.7,0
694,Kristi Allen,18,58285.29,Edmonton,0.66,0
695,Todd Sullivan,64,44318.61,Quebec City,0.53,0
696,Jacob Garcia,59,45626.86,Edmonton,0.43,0
697,Jennifer Mcdowell,22,38873.0,Victoria,0.23,0
698,Brent Holmes,24,51808.02,Toronto,0.31,1
699,Cheryl Hopkins,18,35412.64,Victoria,0.62,0
700,Rebecca Davis,18,46410.11,Vancouver,0.75,0
701,William Jordan,41,188731.63,Toronto,0.22,0
702,Anthony Colon,29,39456.43,Brampton,0.18,0
703,Mark Kramer,65,123580.9,Hamilton,0.51,0
704,Carolyn Contreras,70,22395.8,Quebec City,0.4,0
705,Kimberly Moreno DDS,18,44516.59,Montreal,0.45,1
706,Erik Gill,41,121175.49,Halifax,0.62,0
707,Carly Tran,35,62154.19,Hamilton,0.31,0
708,Mike Smith,20,52433.63,Quebec City,0.57,0
709,Mr. Joshua Henderson,24,80884.13,Calgary,0.16,1
710,Shannon Smith,18,43678.12,Brampton,0.79,0
711,Travis Price,38,59674.96,Winnipeg,0.84,0
712,Andrea Austin,42,65175.52,Saskatoon,0.36,0
713,Jeremiah Yoder,70,128529.17,Calgary,0.78,0
714,Deborah Clark,33,26477.36,Brampton,0.33,0
715,Alex Miller,18,44843.2,Brampton,0.7,0
716,Benjamin Moore,18,63602.63,Edmonton,0.58,1
717,Cory Phillips,55,60894.37,Mississauga,0.3,0
718,Debbie Carr,18,86844.0,Halifax,0.44,0
719,Ms. Alexis Oconnor,18,85962.91,Mississauga,0.7,1
720,Brian Yoder,41,31239.04,Edmonton,0.48,0
721,Donna Lewis,70,27374.78,Victoria,0.47,0
722,Carrie Montgomery,26,83061.55,Brampton,0.52,0
723,David Young,18,75116.0,Saskatoon,0.28,1
724,John Hughes,46,63537.27,Vancouver,0.45,0
725,John Mccarthy,18,169195.53,Victoria,0.39,0
726,Seth Ortiz,54,67861.73,Halifax,0.5,0
727,Jesse Morrison,18,69794.74,Calgary,0.42,1
728,Isaac Hebert,22,85427.83,Toronto,0.56,0
729,Jillian Welch,40,49207.66,Toronto,0.52,0
730,Elizabeth Thomas,33,41056.47,Toronto,0.41,0
731,Samantha Scott,39,35949.13,Mississauga,0.3,0
732,Tyler Clark,47,86994.36,Victoria,0.53,0
733,Michael Osborne,29,127877.66,Brampton,0.54,0
734,Robert Sutton,41,87458.8,Brampton,0.59,0
735,Rachel Key,59,105893.03,Quebec City,0.58,0
736,Lynn Allen,56,127105.02,Saskatoon,0.32,0
737,David Johnson Jr.,39,52137.99,Mississauga,0.79,0
738,Angela Higgins,33,61463.81,Hamilton,0.17,0
739,Stephanie Pineda,65,40070.97,Halifax,0.83,0
740,Janet Lawrence,63,107501.64,Halifax,0.75,0
741,Zachary Mcintyre,37,106397.9,Edmonton,0.85,0
742,Robert Mendez,25,47295.64,Halifax,0.5,0
743,Tony Kirby,18,61572.64,Mississauga,0.16,1
744,Theodore Jackson,66,30973.81,Vancouver,0.71,0
745,William Kane,26,51852.0,Brampton,0.67,0
746,Maureen Boyle,51,58851.12,Hamilton,0.45,0
747,Scott Esparza,18,57975.68,Halifax,0.77,0
748,Jason Pineda,55,107802.13,Saskatoon,0.25,0
749,Sean Campbell,18,50926.05,Calgary,0.56,0
750,Stephen Gonzalez DVM,27,159217.22,Halifax,0.75,0
751,Jessica Anderson,21,48239.14,Quebec City,0.71,0
752,Mark Sanders,18,63103.02,Winnipeg,0.61,1
753,Hannah Stokes,18,32022.23,Saskatoon,0.79,0
754,Karen Williams,57,71457.48,Hamilton,0.83,0
755,Colin White,56,55124.84,Victoria,0.48,0
756,Paul Barton,23,56761.74,Saskatoon,0.73,0
757,April Johnson,28,55525.56,Hamilton,0.25,0
758,Steven Perez,48,80080.13,Montreal,0.75,0
759,John James,42,68494.58,Winnipeg,0.75,0
760,Hayley Watson,44,47788.62,Winnipeg,0.66,0
761,Sara Villegas,70,54372.28,Montreal,0.62,0
762,Laura Jordan,25,29167.19,Brampton,0.38,0
763,Jennifer Carroll,18,33959.39,Ottawa,0.69,1
764,Mary Richardson DVM,54,27542.76,Saskatoon,0.79,0
765,Regina Brown,42,50141.28,Brampton,0.69,0
766,Jared Miller,56,44483.96,Brampton,0.6,0
767,Tracey Bailey,49,92661.04,Ottawa,0.26,0
768,Mary Brown,52,54090.94,Hamilton,0.21,0
769,Matthew Hunter,68,19202.41,Mississauga,0.37,0
770,Robert Sanchez,44,37346.0,Hamilton,0.71,0
771,Brady Navarro,30,75889.55,Ottawa,0.76,0
772,Lauren Thompson,44,61281.96,Victoria,0.85,0
773,Darlene Figueroa,70,84056.48,Victoria,0.73,0
774,Mary Bowers,32,51991.46,Edmonton,0.8,0
775,Austin Collier,44,115961.79,Saskatoon,0.41,0
776,Andrea Whitaker,34,25043.99,Mississauga,0.4,0
777,Devin Burns,19,131870.44,Montreal,0.81,0
778,Jaclyn Cooper,18,107115.5,Edmonton,0.75,0
779,Susan Blake,18,49994.94,Ottawa,0.54,0
780,Erica Rogers,18,67152.91,Calgary,0.61,1
781,Luis Hernandez,18,87790.35,Toronto,0.37,0
782,Lauren Graham,33,53618.85,Quebec City,0.32,0
783,Mark Miller,45,51474.59,Montreal,0.22,0
784,Penny Bennett,18,43519.59,Edmonton,0.78,0
785,Mr. Tristan Reed,70,69496.65,Calgary,0.87,0
786,Tyler Carpenter,50,31540.56,Saskatoon,0.81,0
787,Philip Gilbert,32,31570.33,Victoria,0.32,0
788,Monica Bright,36,22019.86,Brampton,0.73,0
789,Albert Taylor,18,73566.72,Halifax,0.47,1
790,Emily Ferguson,18,74353.42,Saskatoon,0.82,1
791,Joshua Martinez,58,34521.8,Saskatoon,0.7,0
792,Jason Brown,35,41013.89,Edmonton,0.18,0
793,Sherry Howard,70,161823.54,Ottawa,0.91,0
794,Lori Vaughn,49,66226.39,Hamilton,0.45,0
795,Fernando Gibson,18,84327.48,Quebec City,0.35,0
796,Shelby Miller,49,61291.57,Saskatoon,0.59,0
797,Shane Shepherd,35,26344.63,Mississauga,0.58,0
798,Ruth Sanchez,24,43274.17,Vancouver,0.61,1
799,Lauren Lowe,40,97769.18,Victoria,0.6,0
800,Amanda Romero,68,48859.15,Vancouver,0.72,0
801,Marissa Dodson,51,58786.98,Ottawa,0.62,0
802,Thomas Collins,23,102726.14,Calgary,0.32,0
803,Andrea Hanson,18,46882.18,Vancouver,0.83,0
804,Mary Elliott,19,34968.34,Victoria,0.22,0
805,Ashley Smith,47,32773.31,Ottawa,0.49,0
806,Kayla Garcia,18,119427.95,Quebec City,0.69,1
807,Tonya Barron,62,26625.37,Vancouver,0.67,0
808,Robert Smith,65,28318.06,Toronto,0.85,0
809,Michael Curtis,43,91510.6,Toronto,0.81,0
810,Leonard Carroll,26,66478.26,Hamilton,0.46,0
811,Heather Woodard,18,29092.58,Saskatoon,0.79,1
812,Sheila Jones DDS,20,61528.89,Montreal,0.45,1
813,James Phillips,43,63545.33,Montreal,0.43,0
814,Christopher Garza,59,100130.46,Edmonton,0.24,0
815,Terry Rodriguez,18,36385.22,Mississauga,0.66,0
816,Lisa Rodriguez,45,23370.64,Toronto,0.2,0
817,Nathaniel Clark,36,128776.09,Mississauga,0.37,0
818,Martin Lewis,19,92150.11,Victoria,0.74,1
819,Robert James,21,168403.58,Toronto,0.84,1
820,Vincent Larson,18,46078.58,Mississauga,0.43,0
821,Trevor Allen,61,71548.53,Mississauga,0.84,0
822,Margaret Cline,18,28251.41,Brampton,0.83,1
823,James Andrade,70,115756.64,Mississauga,0.26,0
824,John Mckenzie,44,41411.23,Toronto,0.7,0
825,Jamie Daniels,47,102272.49,Halifax,0.38,0
826,Catherine Gill,27,115454.77,Montreal,0.33,0
827,Tammy Gonzalez,19,40452.81,Brampton,0.28,0
828,John Bowman,49,70303.8,Montreal,0.82,0
829,Anna Mcdaniel,32,65616.06,Brampton,0.6,0
830,Brian Turner,54,57815.83,Mississauga,0.46,0
831,Anthony Lewis,62,21918.68,Victoria,0.9,0
832,Jill Rice,54,100210.46,Toronto,0.26,0
833,Felicia Rodriguez,18,43443.34,Winnipeg,0.66,1
834,Diana Nelson,70,36620.03,Vancouver,0.75,0
835,James Dunn,43,69279.24,Calgary,0.64,0
836,Katherine Nguyen,32,48064.41,Toronto,0.48,0
837,Patricia Ramos,36,61478.72,Montreal,0.8,0
838,Stephanie Russell,18,49735.84,Toronto,0.22,1
839,Christopher Jacobson,22,56997.49,Ottawa,0.32,1
840,Alexis Cohen,50,25836.14,Halifax,0.79,0
841,Lindsay Mathews,64,152539.92,Vancouver,0.35,0
842,Frank Powell,18,92125.91,Ottawa,0.52,0
843,Samantha Russo,66,45279.31,Halifax,0.63,0
844,Michael Horton,18,67343.94,Winnipeg,0.71,1
845,Dawn Cox,34,64634.39,Vancouver,0.59,0
846,Kristi Garcia,34,37142.36,Vancouver,0.63,0
847,James Spence,25,31695.55,Montreal,0.64,0
848,Melissa Sanchez,70,50880.73,Victoria,0.84,0
849,Joe Jennings,41,71159.07,Brampton,0.63,0
850,Donald Smith,30,198479.17,Toronto,0.59,0
851,Meghan Curry,18,57575.95,Winnipeg,0.35,0
852,William Moss,70,81446.67,Victoria,0.71,0
853,Kimberly Garrett,18,89251.74,Winnipeg,0.61,1
854,Dr. Warren Rios,41,30163.43,Toronto,0.59,0
855,Christina Yoder,18,53668.04,Winnipeg,0.19,1
856,Michelle Ballard,36,43856.97,Brampton,0.6,0
857,Aimee Campbell,35,49922.86,Montreal,0.6,0
858,Brandon Harrison,50,45360.06,Saskatoon,0.6,0
859,James Moran,44,73688.44,Montreal,0.59,0
860,Deborah Andrews,25,142790.6,Hamilton,0.78,0
861,Denise Johnson,70,18101.36,Mississauga,0.3,0
862,David Smith,28,71240.52,Toronto,0.28,0
863,Joseph Kim,44,45265.13,Victoria,0.4,0
864,Crystal Copeland,22,69428.81,Hamilton,0.53,1
865,Janet Rodriguez,30,93295.21,Edmonton,0.49,0
866,Paul Adams,61,51821.82,Toronto,0.53,0
867,David Wallace DDS,58,90367.28,Ottawa,0.68,0
868,Crystal Romero,44,90595.41,Quebec City,0.23,0
869,Megan Erickson,33,128487.42,Mississauga,0.18,0
870,Victoria Martinez,40,35573.53,Quebec City,0.21,0
871,Joseph Morgan,32,85724.72,Hamilton,0.85,0
872,Anthony Mcdonald,32,173867.24,Victoria,0.85,0
873,Jennifer Singh,52,21160.83,Victoria,0.33,0
874,Michael Mclean,57,47925.51,Ottawa,0.86,0
875,Jessica Smith,18,43885.41,Halifax,0.48,0
876,Wendy Bernard,18,113089.36,Ottawa,0.43,0
877,Ashley Williams,44,101962.49,Vancouver,0.75,0
878,Sarah Haney,18,58695.0,Brampton,0.38,0
879,Julie Jackson,18,40088.16,Vancouver,0.22,1
880,Lisa Cruz,26,46604.96,Vancouver,0.33,0
881,Jessica Stokes,18,70832.34,Calgary,0.14,0
882,Kristina Watkins,70,79579.86,Brampton,0.67,0
883,Donald Brown,28,74155.4,Quebec City,0.81,0
884,Edward Jackson,49,35204.71,Mississauga,0.52,0
885,Amy Cox,65,46872.83,Ottawa,0.49,0
886,Annette Miller,24,73642.13,Mississauga,0.73,1
887,Tara Martin,69,81415.65,Vancouver,0.93,0
888,Michael Dawson,41,49536.75,Ottawa,0.44,0
889,Wendy Berger,30,61493.16,Toronto,0.42,0
890,Scott Terry,39,58418.23,Ottawa,0.67,0
891,Michael Ball,39,55432.32,Vancouver,0.56,0
892,Samantha Miller,35,62361.73,Ottawa,0.8,0
893,Alexandra Schultz,44,46796.79,Saskatoon,0.42,0
894,Susan Rivera,36,19767.83,Montreal,0.62,0
895,Troy Collins,20,46112.1,Saskatoon,0.16,0
896,Wendy Johnson,38,39359.99,Ottawa,0.83,0
897,Karen Burch,18,70011.35,Victoria,0.53,0
898,Thomas Nguyen,54,75300.78,Vancouver,0.45,0
899,Brooke Estes,59,18128.14,Vancouver,0.41,0
900,Kimberly Olson,70,71773.07,Victoria,0.5,0
901,Jeffrey Jenkins,69,73875.34,Mississauga,0.9,0
902,Daniel Evans,35,49254.35,Edmonton,0.23,0
903,William Payne,70,91321.14,Hamilton,0.71,0
904,James Santiago,41,131290.77,Quebec City,0.28,0
905,Matthew Rogers,58,85854.95,Calgary,0.52,0
906,Paula Tyler PhD,70,115820.47,Vancouver,0.65,0
907,Thomas Francis,50,62630.39,Montreal,0.26,0
908,Brandon Cisneros,22,33102.65,Quebec City,0.73,0
909,Tiffany Allen,18,97881.05,Edmonton,0.75,0
910,Willie Davis,18,79364.84,Brampton,0.41,1
911,Gabrielle Reilly MD,31,68792.11,Ottawa,0.34,0
912,Amber Coleman,18,54072.91,Winnipeg,0.52,0
913,Tyler Preston,32,52067.72,Quebec City,0.3,0
914,Robert Goodwin,49,59795.75,Winnipeg,0.25,0
915,Brenda Lester,18,75372.37,Brampton,0.63,0
916,Eric Taylor,43,42732.42,Edmonton,0.68,0
917,Jennifer Sims,47,80322.59,Mississauga,0.76,0
918,Katherine Arellano DDS,40,53243.42,Ottawa,0.24,0
919,Kevin Stephens,19,26326.56,Winnipeg,0.54,1
920,James Hale,66,34917.67,Saskatoon,0.54,0
921,Vanessa Hill,34,75281.36,Quebec City,0.49,0
922,Corey Lewis,70,78444.27,Montreal,0.93,0
923,Alicia Maxwell,18,132261.91,Brampton,0.82,1
924,Toni Morse,36,100427.03,Toronto,0.82,0
925,Dennis Miller,18,76183.23,Quebec City,0.37,0
926,Eric Williams,38,73102.62,Quebec City,0.45,0
927,Kayla Wilson,37,78477.68,Saskatoon,0.5,0
928,Samuel Cooper,45,77465.75,Saskatoon,0.41,0
929,Cristian Collins,65,72018.09,Quebec City,0.61,0
930,Misty Stark,56,32993.7,Quebec City,0.72,0
931,Stephen Jimenez,70,63496.95,Quebec City,0.28,0
932,Leslie Foley,46,76190.24,Edmonton,0.62,0
933,Ronald Lawrence,18,59372.27,Hamilton,0.5,1
934,John Lopez,43,48937.77,Hamilton,0.39,0
935,Gregory Sanchez,32,164831.33,Ottawa,0.18,0
936,Daniel Ferguson,32,82116.12,Saskatoon,0.83,0
937,Christopher Koch,51,51899.01,Toronto,0.64,0
938,Kara Henderson,41,102516.99,Vancouver,0.49,0
939,James Smith,45,73366.77,Hamilton,0.74,0
940,Alexis Conner,18,138039.21,Mississauga,0.36,0
941,Ryan Shaw,18,63000.62,Toronto,0.55,1
942,Emma Marshall,48,64049.39,Halifax,0.54,0
943,Kevin Freeman,61,64721.57,Mississauga,0.24,0
944,Tammy Wright,18,90241.44,Brampton,0.25,1
945,Thomas Sherman,70,68136.44,Montreal,0.51,0
946,Eduardo Andrews,18,33802.8,Halifax,0.18,0
947,Joshua Butler,35,75556.22,Montreal,0.64,0
948,Angelica Hayes,55,45547.83,Victoria,0.79,0
949,Mark Moyer,43,50081.39,Montreal,0.66,0
950,Erin Blair,65,36849.47,Saskatoon,0.46,0
951,Kristine Bell,28,24332.7,Vancouver,0.73,0
952,William Singh,18,33421.73,Toronto,0.35,0
953,Sarah Schneider,18,46830.13,Ottawa,0.33,0
954,David Fowler,48,83987.29,Ottawa,0.44,0
955,Cynthia Gomez,18,58544.76,Mississauga,0.58,1
956,Kenneth Lee,18,68163.81,Montreal,0.25,1
957,Donald Bond,36,113951.64,Quebec City,0.28,0
958,Sandra Benson,55,14535.49,Mississauga,0.78,0
959,Laura Hall,18,50086.75,Mississauga,0.27,1
960,Karen Martinez,20,24893.58,Mississauga,0.62,0
961,Willie Jennings,18,31824.7,Montreal,0.48,0
962,Tammy Ryan DDS,47,49392.84,Victoria,0.21,0
963,Toni Miller,49,61175.7,Quebec City,0.45,0
964,Christopher Lamb,20,46030.32,Winnipeg,0.58,0
965,Sherry Nelson,18,34025.16,Hamilton,0.32,0
966,Daniel Moore,44,75290.0,Winnipeg,0.33,0
967,Matthew Meadows,70,63152.33,Toronto,0.41,0
968,Alan Gonzales,18,94020.04,Halifax,0.65,0
969,Denise Macdonald,34,40949.15,Toronto,0.49,0
970,Jose Johnson,19,42710.74,Ottawa,0.21,0
971,Mrs. Melanie Allen DDS,18,101143.07,Saskatoon,0.63,0
972,Amanda Clay,42,101465.52,Halifax,0.72,0
973,Chelsea Smith,28,184679.87,Edmonton,0.53,0
974,Heidi Johnson,18,55699.77,Toronto,0.25,0
975,Dustin Dillon,19,42367.25,Vancouver,0.65,0
976,David Miller,46,75500.11,Vancouver,0.34,0
977,Bradley Lloyd,18,74385.0,Quebec City,0.48,1
978,Lindsey Armstrong,54,66295.99,Edmonton,0.31,0
979,Ryan Fischer,18,73055.16,Calgary,0.47,0
980,Travis Miles,18,117920.8,Hamilton,0.61,1
981,Stephanie Hayes,49,87675.91,Saskatoon,0.56,0
982,Gabriella Martinez,70,33468.19,Brampton,0.88,0
983,Laura Frye,51,78050.59,Toronto,0.76,0
984,Janet Murphy,18,59794.58,Calgary,0.67,0
985,Patricia White,52,142233.05,Brampton,0.31,0
986,Tammy Weaver,23,104142.77,Edmonton,0.73,1
987,Denise Schmidt,55,63595.02,Quebec City,0.71,0
988,Jacqueline White,52,167011.56,Edmonton,0.51,0
989,Elizabeth Wells,70,122759.91,Montreal,0.35,0
990,Zachary Vincent,27,31517.7,Victoria,0.26,0
991,Matthew Carter,62,36721.6,Toronto,0.78,0
992,Lisa Brown,39,67908.8,Halifax,0.55,0
993,Daniel Edwards,57,22735.17,Calgary,0.74,0
994,Tracy Christian,42,86743.45,Mississauga,0.6,0
995,Stephanie Gibson,63,244923.84,Quebec City,0.48,0
996,Emily Aguilar,58,27683.62,Victoria,0.72,0
997,Shannon Brown,28,30757.98,Quebec City,0.35,0
998,Melanie Matthews,35,57687.15,Winnipeg,0.3,0
999,Brian Williams,18,52882.02,Toronto,0.14,1
